{
  "json_end": {
    "message": "json_end"
  },
  "tz_Funafuti": {
    "message": "Funafuti"
  },
  "tz_Fiji": {
    "message": "Fidji"
  },
  "tz_Auckland": {
    "message": "Auckland"
  },
  "tz_Majuro": {
    "message": "Majuro"
  },
  "tz_Tarawa": {
    "message": "Tarawa"
  },
  "tz_Efate": {
    "message": "Efate"
  },
  "tz_Norfolk": {
    "message": "Norfolk"
  },
  "tz_Kwajalein": {
    "message": "Kwajalein"
  },
  "tz_Nauru": {
    "message": "Nauru"
  },
  "tz_Wake": {
    "message": "réveil"
  },
  "tz_Noumea": {
    "message": "Nouméa"
  },
  "tz_Kosrae": {
    "message": "kosrae"
  },
  "tz_Guadalcanal": {
    "message": "Guadalcanal"
  },
  "tz_Chuuk": {
    "message": "Chuuk"
  },
  "tz_Pohnpei": {
    "message": "Pohnpei"
  },
  "tz_Port_Moresby": {
    "message": "Port Moresby"
  },
  "tz_Saipan": {
    "message": "Saipan"
  },
  "tz_Guam": {
    "message": "Guam"
  },
  "tz_Palau": {
    "message": "Palau"
  },
  "tz_Galapagos": {
    "message": "Galapagos"
  },
  "tz_Easter": {
    "message": "Pâques"
  },
  "tz_Pitcairn": {
    "message": "Pitcairn"
  },
  "tz_Gambier": {
    "message": "Gambier"
  },
  "tz_Marquesas": {
    "message": "Marquises"
  },
  "tz_Tahiti": {
    "message": "Tahiti"
  },
  "tz_Kiritimati": {
    "message": "kiritimati"
  },
  "tz_Rarotonga": {
    "message": "Rarotonga"
  },
  "tz_Honolulu": {
    "message": "Honolulu"
  },
  "tz_Johnston": {
    "message": "Johnston"
  },
  "tz_Niue": {
    "message": "Niue"
  },
  "tz_Pago_Pago": {
    "message": "Pago Pago"
  },
  "tz_Enderbury": {
    "message": "Enderbury"
  },
  "tz_Fakaofo": {
    "message": "Fakaofo"
  },
  "tz_Apia": {
    "message": "Apia"
  },
  "tz_Tongatapu": {
    "message": "Tongatapu"
  },
  "tz_Wallis": {
    "message": "Wallis"
  },
  "tz_Chatham": {
    "message": "Chatham"
  },
  "tz_Midway": {
    "message": "à mi-chemin"
  },
  "tz_Pacific": {
    "message": "pacifique"
  },
  "tz_Christmas": {
    "message": "Noël"
  },
  "tz_Cocos": {
    "message": "Cocos"
  },
  "tz_Maldives": {
    "message": "Maldives"
  },
  "tz_Chagos": {
    "message": "Chagos"
  },
  "tz_Kerguelen": {
    "message": "Kerguelen"
  },
  "tz_Mauritius": {
    "message": "Maurice"
  },
  "tz_Mahe": {
    "message": "Mahe"
  },
  "tz_Reunion": {
    "message": "réunion"
  },
  "tz_Antananarivo": {
    "message": "Antananarivo"
  },
  "tz_Mayotte": {
    "message": "Mayotte"
  },
  "tz_Comoro": {
    "message": "Comores"
  },
  "tz_Samara": {
    "message": "Samara"
  },
  "tz_Indian": {
    "message": "Indien"
  },
  "tz_Volgograd": {
    "message": "Volgograd"
  },
  "tz_Moscow": {
    "message": "Moscou"
  },
  "tz_Zaporozhye": {
    "message": "Zaporozhye"
  },
  "tz_Simferopol": {
    "message": "Simferopol"
  },
  "tz_Kiev": {
    "message": "Kiev"
  },
  "tz_Istanbul": {
    "message": "Istanbul"
  },
  "tz_Chisinau": {
    "message": "Chisinau"
  },
  "tz_Minsk": {
    "message": "Minsk"
  },
  "tz_Bucharest": {
    "message": "Bucarest"
  },
  "tz_Vilnius": {
    "message": "Vilnius"
  },
  "tz_Helsinki": {
    "message": "Helsinki"
  },
  "tz_Tallinn": {
    "message": "Tallinn"
  },
  "tz_Riga": {
    "message": "Riga"
  },
  "tz_Athens": {
    "message": "Athènes"
  },
  "tz_Sofia": {
    "message": "Sofia"
  },
  "tz_Uzhgorod": {
    "message": "Uzhgorod"
  },
  "tz_Skopje": {
    "message": "Skopje"
  },
  "tz_Warsaw": {
    "message": "Varsovie"
  },
  "tz_Kaliningrad": {
    "message": "Kaliningrad"
  },
  "tz_Belgrade": {
    "message": "Belgrade"
  },
  "tz_Mariehamn": {
    "message": "Mariehamn"
  },
  "tz_Tirane": {
    "message": "Tirana"
  },
  "tz_Podgorica": {
    "message": "Podgorica"
  },
  "tz_Sarajevo": {
    "message": "Sarajevo"
  },
  "tz_Budapest": {
    "message": "Budapest"
  },
  "tz_Bratislava": {
    "message": "Bratislava"
  },
  "tz_Stockholm": {
    "message": "Stockholm"
  },
  "tz_Zagreb": {
    "message": "Zagreb"
  },
  "tz_Vienna": {
    "message": "Vienne"
  },
  "tz_Ljubljana": {
    "message": "Ljubljana"
  },
  "tz_Malta": {
    "message": "Malte"
  },
  "tz_Prague": {
    "message": "Prague"
  },
  "tz_Berlin": {
    "message": "Berlin"
  },
  "tz_Copenhagen": {
    "message": "Copenhague"
  },
  "tz_San_Marino": {
    "message": "San Marino"
  },
  "tz_Rome": {
    "message": "Rome"
  },
  "tz_Vatican": {
    "message": "Vatican"
  },
  "tz_Oslo": {
    "message": "Oslo"
  },
  "tz_Vaduz": {
    "message": "Vaduz"
  },
  "tz_Busingen": {
    "message": "Busingen"
  },
  "tz_Zurich": {
    "message": "Zurich"
  },
  "tz_Monaco": {
    "message": "Monaco"
  },
  "tz_Amsterdam": {
    "message": "Amsterdam"
  },
  "tz_Luxembourg": {
    "message": "Luxembourg"
  },
  "tz_Brussels": {
    "message": "Bruxelles"
  },
  "tz_Paris": {
    "message": "Paris"
  },
  "tz_Andorra": {
    "message": "Andorre"
  },
  "tz_London": {
    "message": "Londres"
  },
  "tz_Jersey": {
    "message": "jersey"
  },
  "tz_Guernsey": {
    "message": "Guernesey"
  },
  "tz_Madrid": {
    "message": "Madrid"
  },
  "tz_Isle_of_Man": {
    "message": "Ile de Man"
  },
  "tz_Dublin": {
    "message": "Dublin"
  },
  "tz_Gibraltar": {
    "message": "Gibraltar"
  },
  "tz_Lisbon": {
    "message": "Lisbonne"
  },
  "tz_Lord_Howe": {
    "message": "lord Howe"
  },
  "tz_Europe": {
    "message": "Europe"
  },
  "tz_Sydney": {
    "message": "Sydney"
  },
  "tz_Brisbane": {
    "message": "Brisbane"
  },
  "tz_Lindeman": {
    "message": "Lindeman"
  },
  "tz_Hobart": {
    "message": "Hobart"
  },
  "tz_Melbourne": {
    "message": "Melbourne"
  },
  "tz_Currie": {
    "message": "Currie"
  },
  "tz_Broken_Hill": {
    "message": "Broken Hill"
  },
  "tz_Adelaide": {
    "message": "Adélaïde"
  },
  "tz_Darwin": {
    "message": "Darwin"
  },
  "tz_Eucla": {
    "message": "Eucla"
  },
  "tz_Australia": {
    "message": "Australie"
  },
  "tz_Perth": {
    "message": "Perth"
  },
  "tz_St_Helena": {
    "message": "Sainte-Hélène"
  },
  "tz_Faroe": {
    "message": "Féroé"
  },
  "tz_Canary": {
    "message": "canari"
  },
  "tz_Madeira": {
    "message": "Madère"
  },
  "tz_Reykjavik": {
    "message": "Reykjavik"
  },
  "tz_Cape_Verde": {
    "message": "Cap-Vert"
  },
  "tz_Azores": {
    "message": "Açores"
  },
  "tz_South_Georgia": {
    "message": "Géorgie du Sud"
  },
  "tz_Stanley": {
    "message": "Stanley"
  },
  "tz_Bermuda": {
    "message": "Bermudes"
  },
  "tz_Anadyr": {
    "message": "Anadyr"
  },
  "tz_Atlantic": {
    "message": "atlantique"
  },
  "tz_Magadan": {
    "message": "Magadan"
  },
  "tz_Kamchatka": {
    "message": "Kamchatka"
  },
  "tz_Ust__Nera": {
    "message": "Ust-Nera"
  },
  "tz_Sakhalin": {
    "message": "Sakhaline"
  },
  "tz_Jayapura": {
    "message": "Jayapura"
  },
  "tz_Tokyo": {
    "message": "Tokyo"
  },
  "tz_Khandyga": {
    "message": "Khandyga"
  },
  "tz_Vladivostok": {
    "message": "Vladivostok"
  },
  "tz_Yakutsk": {
    "message": "Yakutsk"
  },
  "tz_Seoul": {
    "message": "Séoul"
  },
  "tz_Harbin": {
    "message": "Harbin"
  },
  "tz_Pyongyang": {
    "message": "Pyongyang"
  },
  "tz_Taipei": {
    "message": "Taipei"
  },
  "tz_Dili": {
    "message": "Dili"
  },
  "tz_Shanghai": {
    "message": "Shanghai"
  },
  "tz_Manila": {
    "message": "Manille"
  },
  "tz_Makassar": {
    "message": "Makassar"
  },
  "tz_Brunei": {
    "message": "Brunei"
  },
  "tz_Choibalsan": {
    "message": "Tchoibalsan"
  },
  "tz_Hong_Kong": {
    "message": "Hong-Kong"
  },
  "tz_Macau": {
    "message": "Macao"
  },
  "tz_Pontianak": {
    "message": "Pontianak"
  },
  "tz_Kuching": {
    "message": "Kuching"
  },
  "tz_Ulaanbaatar": {
    "message": "Oulan-Bator"
  },
  "tz_Jakarta": {
    "message": "Jakarta"
  },
  "tz_Chongqing": {
    "message": "Chongqing"
  },
  "tz_Ho_Chi_Minh": {
    "message": "Ho Chi Minh"
  },
  "tz_Phnom_Penh": {
    "message": "Phnom Penh"
  },
  "tz_Irkutsk": {
    "message": "Irkoutsk"
  },
  "tz_Singapore": {
    "message": "Singapour"
  },
  "tz_Vientiane": {
    "message": "Vientiane"
  },
  "tz_Kuala_Lumpur": {
    "message": "Kuala Lumpur"
  },
  "tz_Bangkok": {
    "message": "Bangkok"
  },
  "tz_Rangoon": {
    "message": "Rangoon"
  },
  "tz_Krasnoyarsk": {
    "message": "Krasnoyarsk"
  },
  "tz_Hovd": {
    "message": "Hovd"
  },
  "tz_Dhaka": {
    "message": "Dhaka"
  },
  "tz_Kolkata": {
    "message": "Kolkata"
  },
  "tz_Urumqi": {
    "message": "Urumqi"
  },
  "tz_Thimphu": {
    "message": "Thimphu"
  },
  "tz_Novokuznetsk": {
    "message": "Novokuznetsk"
  },
  "tz_Kathmandu": {
    "message": "Katmandou"
  },
  "tz_Novosibirsk": {
    "message": "Novosibirsk"
  },
  "tz_Colombo": {
    "message": "Colombo"
  },
  "tz_Almaty": {
    "message": "Almaty"
  },
  "tz_Kashgar": {
    "message": "Kashgar"
  },
  "tz_Bishkek": {
    "message": "Bichkek"
  },
  "tz_Omsk": {
    "message": "Omsk"
  },
  "tz_Tashkent": {
    "message": "Tachkent"
  },
  "tz_Kabul": {
    "message": "Kaboul"
  },
  "tz_Dushanbe": {
    "message": "Douchanbé"
  },
  "tz_Karachi": {
    "message": "Karachi"
  },
  "tz_Samarkand": {
    "message": "Samarkand"
  },
  "tz_Qyzylorda": {
    "message": "Qyzylorda"
  },
  "tz_Yekaterinburg": {
    "message": "Ekaterinbourg"
  },
  "tz_Ashgabat": {
    "message": "Ashgabat"
  },
  "tz_Muscat": {
    "message": "Muscat"
  },
  "tz_Aqtobe": {
    "message": "Aqtobe"
  },
  "tz_Dubai": {
    "message": "Dubaï"
  },
  "tz_Qatar": {
    "message": "Qatar"
  },
  "tz_Tehran": {
    "message": "Téhéran"
  },
  "tz_Oral": {
    "message": "oral"
  },
  "tz_Bahrain": {
    "message": "Bahreïn"
  },
  "tz_Aqtau": {
    "message": "Aktau"
  },
  "tz_Baku": {
    "message": "Bakou"
  },
  "tz_Kuwait": {
    "message": "Koweit"
  },
  "tz_Aden": {
    "message": "Aden"
  },
  "tz_Riyadh": {
    "message": "riyad"
  },
  "tz_Tbilisi": {
    "message": "Tbilissi"
  },
  "tz_Yerevan": {
    "message": "Erevan"
  },
  "tz_Baghdad": {
    "message": "Bagdad"
  },
  "tz_Damascus": {
    "message": "Damas"
  },
  "tz_Amman": {
    "message": "Amman"
  },
  "tz_Beirut": {
    "message": "Beyrouth"
  },
  "tz_Jerusalem": {
    "message": "Jérusalem"
  },
  "tz_Hebron": {
    "message": "Hébron"
  },
  "tz_Nicosia": {
    "message": "Nicosie"
  },
  "tz_Gaza": {
    "message": "Gaza"
  },
  "tz_Longyearbyen": {
    "message": "Longyearbyen"
  },
  "tz_Asia": {
    "message": "Asie"
  },
  "tz_Arctic": {
    "message": "Arctique"
  },
  "tz_McMurdo": {
    "message": "McMurdo"
  },
  "tz_Macquarie": {
    "message": "Macquarie"
  },
  "tz_DumontDUrville": {
    "message": "DumontDUrville"
  },
  "tz_Vostok": {
    "message": "Vostok"
  },
  "tz_Casey": {
    "message": "Casey"
  },
  "tz_Davis": {
    "message": "Davis"
  },
  "tz_Mawson": {
    "message": "Mawson"
  },
  "tz_Syowa": {
    "message": "Syowa"
  },
  "tz_Troll": {
    "message": "troll"
  },
  "tz_Palmer": {
    "message": "Palmer"
  },
  "tz_Rothera": {
    "message": "Rothera"
  },
  "tz_Antarctica": {
    "message": "Antarctique"
  },
  "tz_Danmarkshavn": {
    "message": "Danmarkshavn"
  },
  "tz_Scoresbysund": {
    "message": "Scoresbysund"
  },
  "tz_Noronha": {
    "message": "Noronha"
  },
  "tz_Recife": {
    "message": "Recife"
  },
  "tz_Maceio": {
    "message": "Maceio"
  },
  "tz_Fortaleza": {
    "message": "Fortaleza"
  },
  "tz_Bahia": {
    "message": "Bahia"
  },
  "tz_Sao_Paulo": {
    "message": "Sao Paulo"
  },
  "tz_Araguaina": {
    "message": "Araguaina"
  },
  "tz_Belem": {
    "message": "Belem"
  },
  "tz_Godthab": {
    "message": "Godthab"
  },
  "tz_Cayenne": {
    "message": "cayenne"
  },
  "tz_St_Johns": {
    "message": "St Johns"
  },
  "tz_Campo_Grande": {
    "message": "Campo Grande"
  },
  "tz_Santarem": {
    "message": "Santarem"
  },
  "tz_Paramaribo": {
    "message": "Paramaribo"
  },
  "tz_Cuiaba": {
    "message": "Cuiaba"
  },
  "tz_Miquelon": {
    "message": "Miquelon"
  },
  "tz_Montevideo": {
    "message": "Montevideo"
  },
  "tz_Blanc__Sablon": {
    "message": "Blanc-Sablon"
  },
  "tz_Asuncion": {
    "message": "Asuncion"
  },
  "tz_Guyana": {
    "message": "Guyane"
  },
  "tz_Argentina___Buenos_Aires": {
    "message": "Argentine / Buenos Aires"
  },
  "tz_Barbados": {
    "message": "Barbade"
  },
  "tz_Glace_Bay": {
    "message": "Glace Bay"
  },
  "tz_Goose_Bay": {
    "message": "Goose Bay"
  },
  "tz_Manaus": {
    "message": "Manaus"
  },
  "tz_Boa_Vista": {
    "message": "Boa Vista"
  },
  "tz_St_Lucia": {
    "message": "Sainte-Lucie"
  },
  "tz_Martinique": {
    "message": "Martinique"
  },
  "tz_St_Vincent": {
    "message": "St Vincent"
  },
  "tz_Dominica": {
    "message": "Dominique"
  },
  "tz_Port_of_Spain": {
    "message": "Port d'Espagne"
  },
  "tz_Guadeloupe": {
    "message": "Guadeloupe"
  },
  "tz_Grenada": {
    "message": "Grenade"
  },
  "tz_Antigua": {
    "message": "Antigua"
  },
  "tz_Montserrat": {
    "message": "Montserrat"
  },
  "tz_St_Kitts": {
    "message": "St Kitts"
  },
  "tz_St_Barthelemy": {
    "message": "St Barthelemy"
  },
  "tz_Lower_Princes": {
    "message": "Princes inférieurs"
  },
  "tz_Anguilla": {
    "message": "Anguilla"
  },
  "tz_Marigot": {
    "message": "Marigot"
  },
  "tz_Halifax": {
    "message": "Halifax"
  },
  "tz_Porto_Velho": {
    "message": "Porto Velho"
  },
  "tz_Argentina___Cordoba": {
    "message": "Argentine / Cordoba"
  },
  "tz_Tortola": {
    "message": "Tortola"
  },
  "tz_Moncton": {
    "message": "Moncton"
  },
  "tz_St_Thomas": {
    "message": "St Thomas"
  },
  "tz_Argentina___Tucuman": {
    "message": "Argentine / San Miguel de Tucuman"
  },
  "tz_Argentina___Jujuy": {
    "message": "Argentine / Jujuy"
  },
  "tz_Argentina___Salta": {
    "message": "Argentine / Salta"
  },
  "tz_Pangnirtung": {
    "message": "Pangnirtung"
  },
  "tz_Argentina___Catamarca": {
    "message": "Argentine / Catamarca"
  },
  "tz_Puerto_Rico": {
    "message": "Puerto Rico"
  },
  "tz_Argentina___San_Luis": {
    "message": "Argentine / San Luis"
  },
  "tz_Argentina___La_Rioja": {
    "message": "Argentine / La Rioja"
  },
  "tz_Caracas": {
    "message": "Caracas"
  },
  "tz_Rio_Branco": {
    "message": "Rio Branco"
  },
  "tz_Kralendijk": {
    "message": "Kralendijk"
  },
  "tz_La_Paz": {
    "message": "La Paz"
  },
  "tz_Iqaluit": {
    "message": "Iqaluit"
  },
  "tz_Argentina___Ushuaia": {
    "message": "Argentine / Ushuaia"
  },
  "tz_Thule": {
    "message": "Thule"
  },
  "tz_Argentina___San_Juan": {
    "message": "Argentine / San Juan"
  },
  "tz_Argentina___Mendoza": {
    "message": "Argentine / Mendoza"
  },
  "tz_Curacao": {
    "message": "Curaçao"
  },
  "tz_Argentina___Rio_Gallegos": {
    "message": "Argentine / Rio Gallegos"
  },
  "tz_Eirunepe": {
    "message": "Eirunepe"
  },
  "tz_Santo_Domingo": {
    "message": "Santo Domingo"
  },
  "tz_Aruba": {
    "message": "Aruba"
  },
  "tz_Santiago": {
    "message": "Santiago"
  },
  "tz_Grand_Turk": {
    "message": "grand Turk"
  },
  "tz_Port__au__Prince": {
    "message": "Port-au-Prince"
  },
  "tz_New_York": {
    "message": "New York"
  },
  "tz_Bogota": {
    "message": "Bogota"
  },
  "tz_Jamaica": {
    "message": "Jamaïque"
  },
  "tz_Nassau": {
    "message": "Nassau"
  },
  "tz_Lima": {
    "message": "Lima"
  },
  "tz_Toronto": {
    "message": "Toronto"
  },
  "tz_Guayaquil": {
    "message": "Guayaquil"
  },
  "tz_Panama": {
    "message": "Panama"
  },
  "tz_Havana": {
    "message": "La Havane"
  },
  "tz_Cayman": {
    "message": "Cayman"
  },
  "tz_Detroit": {
    "message": "Detroit"
  },
  "tz_Costa_Rica": {
    "message": "Costa Rica"
  },
  "tz_Kentucky___Monticello": {
    "message": "Kentucky / Monticello"
  },
  "tz_Indiana___Vevay": {
    "message": "Indiana / Vevay"
  },
  "tz_Kentucky___Louisville": {
    "message": "Kentucky / Louisville"
  },
  "tz_Indiana___Indianapolis": {
    "message": "Indiana / Indianapolis"
  },
  "tz_Managua": {
    "message": "Managua"
  },
  "tz_Indiana___Marengo": {
    "message": "Indiana / Marengo"
  },
  "tz_Indiana___Winamac": {
    "message": "Indiana / Winamac"
  },
  "tz_Indiana___Knox": {
    "message": "Indiana / Knox"
  },
  "tz_Cancun": {
    "message": "Cancun"
  },
  "tz_Indiana___Tell_City": {
    "message": "Indiana / Tell City"
  },
  "tz_Tegucigalpa": {
    "message": "Tegucigalpa"
  },
  "tz_Indiana___Petersburg": {
    "message": "Indiana / Pétersbourg"
  },
  "tz_Indiana___Vincennes": {
    "message": "Indiana / Vincennes"
  },
  "tz_Menominee": {
    "message": "Menominee"
  },
  "tz_Chicago": {
    "message": "Chicago"
  },
  "tz_Belize": {
    "message": "Belize"
  },
  "tz_Nipigon": {
    "message": "Nipigon"
  },
  "tz_El_Salvador": {
    "message": "El Salvador"
  },
  "tz_Thunder_Bay": {
    "message": "thunder Bay"
  },
  "tz_Merida": {
    "message": "Merida"
  },
  "tz_Guatemala": {
    "message": "Guatemala"
  },
  "tz_Atikokan": {
    "message": "Atikokan"
  },
  "tz_Rankin_Inlet": {
    "message": "Rankin Inlet"
  },
  "tz_Rainy_River": {
    "message": "Rainy River"
  },
  "tz_Resolute": {
    "message": "résolu"
  },
  "tz_Winnipeg": {
    "message": "Winnipeg"
  },
  "tz_Mexico_City": {
    "message": "Mexico"
  },
  "tz_Matamoros": {
    "message": "Matamoros"
  },
  "tz_Monterrey": {
    "message": "Monterrey"
  },
  "tz_North_Dakota___Center": {
    "message": "Dakota du Nord / Centre"
  },
  "tz_North_Dakota___New_Salem": {
    "message": "Dakota du Nord / New Salem"
  },
  "tz_North_Dakota___Beulah": {
    "message": "Dakota du Nord / Beulah"
  },
  "tz_Ojinaga": {
    "message": "Ojinaga"
  },
  "tz_Regina": {
    "message": "Regina"
  },
  "tz_Denver": {
    "message": "Denver"
  },
  "tz_Cambridge_Bay": {
    "message": "Cambridge Bay"
  },
  "tz_Bahia_Banderas": {
    "message": "Bahia de Banderas"
  },
  "tz_Chihuahua": {
    "message": "Chihuahua"
  },
  "tz_Mazatlan": {
    "message": "Mazatlan"
  },
  "tz_Swift_Current": {
    "message": "Swift Current"
  },
  "tz_Hermosillo": {
    "message": "Hermosillo"
  },
  "tz_Phoenix": {
    "message": "Phénix"
  },
  "tz_Edmonton": {
    "message": "Edmonton"
  },
  "tz_Yellowknife": {
    "message": "Yellowknife"
  },
  "tz_Santa_Isabel": {
    "message": "Santa Isabel"
  },
  "tz_Boise": {
    "message": "Boise"
  },
  "tz_Creston": {
    "message": "Creston"
  },
  "tz_Tijuana": {
    "message": "Tijuana"
  },
  "tz_Los_Angeles": {
    "message": "Los Angeles"
  },
  "tz_Dawson_Creek": {
    "message": "Dawson Creek"
  },
  "tz_Vancouver": {
    "message": "Vancouver"
  },
  "tz_Metlakatla": {
    "message": "metlakatla"
  },
  "tz_Inuvik": {
    "message": "Inuvik"
  },
  "tz_Juneau": {
    "message": "Juneau"
  },
  "tz_Whitehorse": {
    "message": "Whitehorse"
  },
  "tz_Sitka": {
    "message": "Sitka"
  },
  "tz_Dawson": {
    "message": "Dawson"
  },
  "tz_Anchorage": {
    "message": "ancrage"
  },
  "tz_Yakutat": {
    "message": "yakutat"
  },
  "tz_Nome": {
    "message": "Nome"
  },
  "tz_Adak": {
    "message": "Adak"
  },
  "tz_America": {
    "message": "Amérique"
  },
  "tz_Mogadishu": {
    "message": "Mogadiscio"
  },
  "tz_Djibouti": {
    "message": "Djibouti"
  },
  "tz_Dar_es_Salaam": {
    "message": "Dar es-Salaam"
  },
  "tz_Asmara": {
    "message": "Asmara"
  },
  "tz_Addis_Ababa": {
    "message": "Addis-Abeba"
  },
  "tz_Nairobi": {
    "message": "Nairobi"
  },
  "tz_Blantyre": {
    "message": "Blantyre"
  },
  "tz_Maputo": {
    "message": "Maputo"
  },
  "tz_Khartoum": {
    "message": "Khartoum"
  },
  "tz_Kampala": {
    "message": "Kampala"
  },
  "tz_Juba": {
    "message": "Juba"
  },
  "tz_Mbabane": {
    "message": "Mbabane"
  },
  "tz_Cairo": {
    "message": "Caire"
  },
  "tz_Kigali": {
    "message": "Kigali"
  },
  "tz_Harare": {
    "message": "Harare"
  },
  "tz_Bujumbura": {
    "message": "Bujumbura"
  },
  "tz_Lusaka": {
    "message": "Lusaka"
  },
  "tz_Johannesburg": {
    "message": "Johannesburg"
  },
  "tz_Maseru": {
    "message": "Maseru"
  },
  "tz_Lubumbashi": {
    "message": "Lubumbashi"
  },
  "tz_Gaborone": {
    "message": "Gaborone"
  },
  "tz_Bangui": {
    "message": "Bangui"
  },
  "tz_Windhoek": {
    "message": "Windhoek"
  },
  "tz_Kinshasa": {
    "message": "Kinshasa"
  },
  "tz_Brazzaville": {
    "message": "Brazzaville"
  },
  "tz_Ndjamena": {
    "message": "Ndjamena"
  },
  "tz_Luanda": {
    "message": "Luanda"
  },
  "tz_Tripoli": {
    "message": "Tripoli"
  },
  "tz_Tunis": {
    "message": "Tunis"
  },
  "tz_Douala": {
    "message": "Douala"
  },
  "tz_Libreville": {
    "message": "Libreville"
  },
  "tz_Malabo": {
    "message": "Malabo"
  },
  "tz_Sao_Tome": {
    "message": "Sao Tomé"
  },
  "tz_Lagos": {
    "message": "Lagos"
  },
  "tz_Algiers": {
    "message": "Alger"
  },
  "tz_Porto__Novo": {
    "message": "Porto-Novo"
  },
  "tz_Niamey": {
    "message": "Niamey"
  },
  "tz_Lome": {
    "message": "Lomé"
  },
  "tz_Ouagadougou": {
    "message": "Ouagadougou"
  },
  "tz_Accra": {
    "message": "Accra"
  },
  "tz_Abidjan": {
    "message": "Abidjan"
  },
  "tz_Ceuta": {
    "message": "Ceuta"
  },
  "tz_Casablanca": {
    "message": "Casablanca"
  },
  "tz_Bamako": {
    "message": "Bamako"
  },
  "tz_Monrovia": {
    "message": "Monrovia"
  },
  "tz_El_Aaiun": {
    "message": "El Aaiun"
  },
  "tz_Freetown": {
    "message": "Freetown"
  },
  "tz_Conakry": {
    "message": "Conakry"
  },
  "tz_Nouakchott": {
    "message": "Nouakchott"
  },
  "tz_Bissau": {
    "message": "Bissau"
  },
  "tz_Banjul": {
    "message": "Banjul"
  },
  "tz_Dakar": {
    "message": "Dakar"
  },
  "tz_Africa": {
    "message": "Afrique"
  },
  "ui_addTimezone": {
    "message": "ajouter"
  },
  "ui_extraTimezones": {
    "message": "Supplémentaires fuseaux horaires"
  },
  "ui_autoHide": {
    "message": "Masquer automatiquement"
  },
  "ui_alwaysOnTop": {
    "message": "Toujours au top"
  },
  "manifest_description": {
    "message": "Un widget calendrier et l'horloge pratique."
  },
  "manifest_name": {
    "message": "Calendrier Horloge"
  }
}