{
  "json_end": {
    "message": "json_end"
  },
  "tz_Funafuti": {
    "message": "Funafuti"
  },
  "tz_Auckland": {
    "message": "Auckland"
  },
  "tz_Fiji": {
    "message": "Fiji"
  },
  "tz_Tarawa": {
    "message": "Tarawa"
  },
  "tz_Majuro": {
    "message": "Majuro"
  },
  "tz_Wake": {
    "message": "Wake"
  },
  "tz_Efate": {
    "message": "Efate"
  },
  "tz_Noumea": {
    "message": "Noumea"
  },
  "tz_Norfolk": {
    "message": "Norfolk"
  },
  "tz_Kwajalein": {
    "message": "Kwajalein"
  },
  "tz_Nauru": {
    "message": "Nauru"
  },
  "tz_Kosrae": {
    "message": "Kosrae"
  },
  "tz_Guadalcanal": {
    "message": "Guadalcanal"
  },
  "tz_Pohnpei": {
    "message": "Pohnpei"
  },
  "tz_Chuuk": {
    "message": "Chuuk"
  },
  "tz_Port_Moresby": {
    "message": "Port Moresby"
  },
  "tz_Guam": {
    "message": "Guam"
  },
  "tz_Galapagos": {
    "message": "Galapagos"
  },
  "tz_Saipan": {
    "message": "Saipan"
  },
  "tz_Palau": {
    "message": "Palau"
  },
  "tz_Easter": {
    "message": "Pasaka"
  },
  "tz_Pitcairn": {
    "message": "Pitcairn"
  },
  "tz_Gambier": {
    "message": "Gambier"
  },
  "tz_Marquesas": {
    "message": "Marquesas"
  },
  "tz_Tahiti": {
    "message": "Tahiti"
  },
  "tz_Honolulu": {
    "message": "Honolulu"
  },
  "tz_Kiritimati": {
    "message": "Kiritimati"
  },
  "tz_Rarotonga": {
    "message": "Rarotonga"
  },
  "tz_Johnston": {
    "message": "Johnston"
  },
  "tz_Niue": {
    "message": "Niue"
  },
  "tz_Pago_Pago": {
    "message": "Pago Pago"
  },
  "tz_Enderbury": {
    "message": "Endebury"
  },
  "tz_Fakaofo": {
    "message": "Fakaofo"
  },
  "tz_Apia": {
    "message": "Apia"
  },
  "tz_Tongatapu": {
    "message": "Tongatapu"
  },
  "tz_Chatham": {
    "message": "Chatham"
  },
  "tz_Wallis": {
    "message": "Wallis"
  },
  "tz_Midway": {
    "message": "Midway"
  },
  "tz_Pacific": {
    "message": "Pacific"
  },
  "tz_Christmas": {
    "message": "Krismasi"
  },
  "tz_Cocos": {
    "message": "Cocos"
  },
  "tz_Maldives": {
    "message": "Maldives"
  },
  "tz_Kerguelen": {
    "message": "Kerguelen"
  },
  "tz_Chagos": {
    "message": "Chagos"
  },
  "tz_Mahe": {
    "message": "Mahe"
  },
  "tz_Mauritius": {
    "message": "Mauritius"
  },
  "tz_Indian": {
    "message": "Hindi"
  },
  "tz_Reunion": {
    "message": "Reunion"
  },
  "tz_Antananarivo": {
    "message": "Antananarivo"
  },
  "tz_Mayotte": {
    "message": "Mayotte"
  },
  "tz_Comoro": {
    "message": "Comoro"
  },
  "tz_Samara": {
    "message": "Samara"
  },
  "tz_Zaporozhye": {
    "message": "Zaporozhye"
  },
  "tz_Simferopol": {
    "message": "Simferopol"
  },
  "tz_Volgograd": {
    "message": "Volgograd"
  },
  "tz_Moscow": {
    "message": "Moscow"
  },
  "tz_Minsk": {
    "message": "Minsk"
  },
  "tz_Bucharest": {
    "message": "Bucharest"
  },
  "tz_Kiev": {
    "message": "Kiev"
  },
  "tz_Vilnius": {
    "message": "Vilnius"
  },
  "tz_Istanbul": {
    "message": "Istanbul"
  },
  "tz_Helsinki": {
    "message": "Helsinki"
  },
  "tz_Chisinau": {
    "message": "Chisinau"
  },
  "tz_Athens": {
    "message": "Athens"
  },
  "tz_Uzhgorod": {
    "message": "Uzhgorod"
  },
  "tz_Skopje": {
    "message": "Skopje"
  },
  "tz_Tallinn": {
    "message": "Tallinn"
  },
  "tz_Riga": {
    "message": "Riga"
  },
  "tz_Belgrade": {
    "message": "Belgrade"
  },
  "tz_Sofia": {
    "message": "Sofia"
  },
  "tz_Warsaw": {
    "message": "Warsaw"
  },
  "tz_Kaliningrad": {
    "message": "Kaliningrad"
  },
  "tz_Mariehamn": {
    "message": "Mariehamn"
  },
  "tz_Sarajevo": {
    "message": "Sarajevo"
  },
  "tz_Tirane": {
    "message": "Tirane"
  },
  "tz_Podgorica": {
    "message": "Podgorica"
  },
  "tz_Budapest": {
    "message": "Budapest"
  },
  "tz_Stockholm": {
    "message": "Stockholm"
  },
  "tz_Bratislava": {
    "message": "Bratislava"
  },
  "tz_Malta": {
    "message": "Malta"
  },
  "tz_Vienna": {
    "message": "Vienna"
  },
  "tz_Zagreb": {
    "message": "Zagreb"
  },
  "tz_Ljubljana": {
    "message": "Ljubljana"
  },
  "tz_Copenhagen": {
    "message": "Copenhagen"
  },
  "tz_Prague": {
    "message": "Prague"
  },
  "tz_San_Marino": {
    "message": "San Marino"
  },
  "tz_Berlin": {
    "message": "Berlin"
  },
  "tz_Vaduz": {
    "message": "Vaduz"
  },
  "tz_Rome": {
    "message": "Rome"
  },
  "tz_Vatican": {
    "message": "Vatican"
  },
  "tz_Oslo": {
    "message": "Oslo"
  },
  "tz_Monaco": {
    "message": "Monaco"
  },
  "tz_Busingen": {
    "message": "Busingen"
  },
  "tz_Zurich": {
    "message": "Zurich"
  },
  "tz_Luxembourg": {
    "message": "Luxembourg"
  },
  "tz_Andorra": {
    "message": "Andorra"
  },
  "tz_Amsterdam": {
    "message": "Amsterdam"
  },
  "tz_Jersey": {
    "message": "Jersey"
  },
  "tz_Brussels": {
    "message": "Brussels"
  },
  "tz_Guernsey": {
    "message": "Guernsey"
  },
  "tz_Paris": {
    "message": "Paris"
  },
  "tz_London": {
    "message": "London"
  },
  "tz_Madrid": {
    "message": "Madrid"
  },
  "tz_Europe": {
    "message": "Ulaya"
  },
  "tz_Isle_of_Man": {
    "message": "Kisiwa cha Man"
  },
  "tz_Gibraltar": {
    "message": "Gibraltar"
  },
  "tz_Dublin": {
    "message": "Dublin"
  },
  "tz_Lisbon": {
    "message": "Lisbon"
  },
  "tz_Lord_Howe": {
    "message": "Bwana Howe"
  },
  "tz_Lindeman": {
    "message": "LINDEMAN"
  },
  "tz_Brisbane": {
    "message": "Brisbane"
  },
  "tz_Sydney": {
    "message": "Sydney"
  },
  "tz_Darwin": {
    "message": "Darwin"
  },
  "tz_Hobart": {
    "message": "Hobart"
  },
  "tz_Melbourne": {
    "message": "Melbourne"
  },
  "tz_Currie": {
    "message": "Currie"
  },
  "tz_Broken_Hill": {
    "message": "Broken Hill"
  },
  "tz_Adelaide": {
    "message": "Adelaide"
  },
  "tz_Perth": {
    "message": "Perth"
  },
  "tz_Eucla": {
    "message": "Eucla"
  },
  "tz_Australia": {
    "message": "Australia"
  },
  "tz_St_Helena": {
    "message": "St Helena"
  },
  "tz_Faroe": {
    "message": "Visiwa vya"
  },
  "tz_Canary": {
    "message": "Canary"
  },
  "tz_Madeira": {
    "message": "Madeira"
  },
  "tz_Reykjavik": {
    "message": "Reykjavik"
  },
  "tz_Cape_Verde": {
    "message": "Cape Verde"
  },
  "tz_Azores": {
    "message": "Azorerna"
  },
  "tz_Stanley": {
    "message": "Stanley"
  },
  "tz_Atlantic": {
    "message": "Atlantic"
  },
  "tz_South_Georgia": {
    "message": "South Georgia"
  },
  "tz_Bermuda": {
    "message": "Bermuda"
  },
  "tz_Anadyr": {
    "message": "Anadyr"
  },
  "tz_Kamchatka": {
    "message": "Kamchatka"
  },
  "tz_Magadan": {
    "message": "Magadani"
  },
  "tz_Sakhalin": {
    "message": "Sakhalin"
  },
  "tz_Jayapura": {
    "message": "Jayapura"
  },
  "tz_Ust__Nera": {
    "message": "Ust-Nera"
  },
  "tz_Seoul": {
    "message": "Seoul"
  },
  "tz_Tokyo": {
    "message": "Tokyo"
  },
  "tz_Khandyga": {
    "message": "Khandyga"
  },
  "tz_Vladivostok": {
    "message": "Vladivostok"
  },
  "tz_Yakutsk": {
    "message": "Yakutsk"
  },
  "tz_Harbin": {
    "message": "Harbin"
  },
  "tz_Pyongyang": {
    "message": "Pyongyang"
  },
  "tz_Taipei": {
    "message": "Taipei"
  },
  "tz_Dili": {
    "message": "BADILISHA"
  },
  "tz_Shanghai": {
    "message": "Shanghai"
  },
  "tz_Manila": {
    "message": "Manila"
  },
  "tz_Makassar": {
    "message": "Makassar"
  },
  "tz_Brunei": {
    "message": "Brunei"
  },
  "tz_Choibalsan": {
    "message": "Choibalsan"
  },
  "tz_Hong_Kong": {
    "message": "Hong Kong"
  },
  "tz_Macau": {
    "message": "Macau"
  },
  "tz_Kuching": {
    "message": "Kuching"
  },
  "tz_Pontianak": {
    "message": "Pontianak"
  },
  "tz_Ulaanbaatar": {
    "message": "Ulaanbaatar"
  },
  "tz_Irkutsk": {
    "message": "Irkutsk"
  },
  "tz_Jakarta": {
    "message": "Jakarta"
  },
  "tz_Ho_Chi_Minh": {
    "message": "Ho Chi Minh"
  },
  "tz_Chongqing": {
    "message": "Chongqing"
  },
  "tz_Phnom_Penh": {
    "message": "Phnom Penh"
  },
  "tz_Singapore": {
    "message": "Singapore"
  },
  "tz_Vientiane": {
    "message": "Vientiane"
  },
  "tz_Kuala_Lumpur": {
    "message": "Kuala Lumpur"
  },
  "tz_Hovd": {
    "message": "Hovd"
  },
  "tz_Bangkok": {
    "message": "Bangkok"
  },
  "tz_Rangoon": {
    "message": "Rangoon"
  },
  "tz_Krasnoyarsk": {
    "message": "Krasnoyarsk"
  },
  "tz_Dhaka": {
    "message": "Dhaka"
  },
  "tz_Thimphu": {
    "message": "Thimphu"
  },
  "tz_Kolkata": {
    "message": "Kolkata"
  },
  "tz_Urumqi": {
    "message": "Urumqi"
  },
  "tz_Novokuznetsk": {
    "message": "Novokuznetsk"
  },
  "tz_Kathmandu": {
    "message": "Kathmandu"
  },
  "tz_Novosibirsk": {
    "message": "Novosibirsk"
  },
  "tz_Colombo": {
    "message": "Colombo"
  },
  "tz_Tashkent": {
    "message": "Tashkent"
  },
  "tz_Almaty": {
    "message": "Almaty"
  },
  "tz_Kashgar": {
    "message": "Kashgar"
  },
  "tz_Bishkek": {
    "message": "Bishkek"
  },
  "tz_Karachi": {
    "message": "Karachi"
  },
  "tz_Omsk": {
    "message": "Omsk"
  },
  "tz_Kabul": {
    "message": "Kabul"
  },
  "tz_Samarkand": {
    "message": "Samarkand"
  },
  "tz_Dushanbe": {
    "message": "Dushanbe"
  },
  "tz_Qyzylorda": {
    "message": "Qyzylorda"
  },
  "tz_Yekaterinburg": {
    "message": "Yekaterinburg"
  },
  "tz_Muscat": {
    "message": "Muscat"
  },
  "tz_Ashgabat": {
    "message": "Ashgabat"
  },
  "tz_Aqtobe": {
    "message": "Aqtobe"
  },
  "tz_Dubai": {
    "message": "Dubai"
  },
  "tz_Qatar": {
    "message": "Qatar"
  },
  "tz_Tehran": {
    "message": "Tehran"
  },
  "tz_Baku": {
    "message": "Baku"
  },
  "tz_Oral": {
    "message": "mdomo"
  },
  "tz_Bahrain": {
    "message": "Bahrain"
  },
  "tz_Aqtau": {
    "message": "Aqtau"
  },
  "tz_Tbilisi": {
    "message": "Tbilisi"
  },
  "tz_Kuwait": {
    "message": "Kuwait"
  },
  "tz_Riyadh": {
    "message": "Riyadh"
  },
  "tz_Yerevan": {
    "message": "Yerevan"
  },
  "tz_Aden": {
    "message": "Aden"
  },
  "tz_Baghdad": {
    "message": "Baghdad"
  },
  "tz_Damascus": {
    "message": "Damascus"
  },
  "tz_Amman": {
    "message": "Amman"
  },
  "tz_Beirut": {
    "message": "Beirut"
  },
  "tz_Jerusalem": {
    "message": "Yerusalemu"
  },
  "tz_Hebron": {
    "message": "Hebroni"
  },
  "tz_Gaza": {
    "message": "Gaza"
  },
  "tz_Nicosia": {
    "message": "Nicosia"
  },
  "tz_Asia": {
    "message": "Asia"
  },
  "tz_Longyearbyen": {
    "message": "Longyearbyen"
  },
  "tz_Arctic": {
    "message": "Arctic"
  },
  "tz_McMurdo": {
    "message": "McMurdo"
  },
  "tz_Macquarie": {
    "message": "Macquarie"
  },
  "tz_DumontDUrville": {
    "message": "DumontDUrville"
  },
  "tz_Casey": {
    "message": "Casey"
  },
  "tz_Vostok": {
    "message": "Vostok"
  },
  "tz_Mawson": {
    "message": "Mawson"
  },
  "tz_Davis": {
    "message": "Davis"
  },
  "tz_Syowa": {
    "message": "Syowa"
  },
  "tz_Troll": {
    "message": "Troll"
  },
  "tz_Palmer": {
    "message": "Palmer"
  },
  "tz_Rothera": {
    "message": "Rothera"
  },
  "tz_Antarctica": {
    "message": "Antarctica"
  },
  "tz_Noronha": {
    "message": "Noronha"
  },
  "tz_Danmarkshavn": {
    "message": "Danmarkshavn"
  },
  "tz_Scoresbysund": {
    "message": "Scoresbysund"
  },
  "tz_Maceio": {
    "message": "Maceio"
  },
  "tz_Belem": {
    "message": "Belem"
  },
  "tz_Recife": {
    "message": "Recife"
  },
  "tz_Fortaleza": {
    "message": "Fortaleza"
  },
  "tz_Cayenne": {
    "message": "Cayenne"
  },
  "tz_Bahia": {
    "message": "Bahia"
  },
  "tz_Araguaina": {
    "message": "Araguaina"
  },
  "tz_Godthab": {
    "message": "Godthab"
  },
  "tz_Santarem": {
    "message": "Santarem"
  },
  "tz_Sao_Paulo": {
    "message": "Sao Paulo"
  },
  "tz_Montevideo": {
    "message": "Montevideo"
  },
  "tz_St_Johns": {
    "message": "St Johns"
  },
  "tz_Campo_Grande": {
    "message": "Campo Grande"
  },
  "tz_Paramaribo": {
    "message": "Paramaribo"
  },
  "tz_Cuiaba": {
    "message": "Cuiaba"
  },
  "tz_Guyana": {
    "message": "Guyana"
  },
  "tz_Miquelon": {
    "message": "Miquelon"
  },
  "tz_Barbados": {
    "message": "Barbados"
  },
  "tz_Blanc__Sablon": {
    "message": "Blanc-Sablon"
  },
  "tz_Asuncion": {
    "message": "Asuncion"
  },
  "tz_Argentina___Buenos_Aires": {
    "message": "Argentina / Buenos Aires"
  },
  "tz_Glace_Bay": {
    "message": "Glace Bay"
  },
  "tz_Manaus": {
    "message": "Manaus"
  },
  "tz_St_Lucia": {
    "message": "St Lucia"
  },
  "tz_Martinique": {
    "message": "Martinique"
  },
  "tz_Dominica": {
    "message": "Dominika"
  },
  "tz_Goose_Bay": {
    "message": "Goose Bay"
  },
  "tz_Boa_Vista": {
    "message": "Boa Vista"
  },
  "tz_Guadeloupe": {
    "message": "Guadeloupe"
  },
  "tz_St_Vincent": {
    "message": "St Vincent"
  },
  "tz_Montserrat": {
    "message": "Montserrat"
  },
  "tz_Port_of_Spain": {
    "message": "Port ya Hispania"
  },
  "tz_Grenada": {
    "message": "Grenada"
  },
  "tz_Antigua": {
    "message": "Antigua"
  },
  "tz_St_Kitts": {
    "message": "St Kitts"
  },
  "tz_St_Barthelemy": {
    "message": "St Barthelemy"
  },
  "tz_Marigot": {
    "message": "Marigot"
  },
  "tz_Lower_Princes": {
    "message": "chini Wakuu"
  },
  "tz_Argentina___Cordoba": {
    "message": "Argentina / Cordoba"
  },
  "tz_Anguilla": {
    "message": "Anguilla"
  },
  "tz_Tortola": {
    "message": "Tortola"
  },
  "tz_Halifax": {
    "message": "Halifax"
  },
  "tz_Porto_Velho": {
    "message": "Porto Velho"
  },
  "tz_Argentina___Tucuman": {
    "message": "Argentina / Tucuman"
  },
  "tz_Argentina___Salta": {
    "message": "Argentina / Salta"
  },
  "tz_Moncton": {
    "message": "Mbeya"
  },
  "tz_St_Thomas": {
    "message": "St Thomas"
  },
  "tz_Argentina___Jujuy": {
    "message": "Argentina / Jujuy"
  },
  "tz_Pangnirtung": {
    "message": "Pangnirtung"
  },
  "tz_Argentina___Catamarca": {
    "message": "Argentina / Catamarca"
  },
  "tz_Puerto_Rico": {
    "message": "Puerto Rico"
  },
  "tz_La_Paz": {
    "message": "La Paz"
  },
  "tz_Argentina___San_Luis": {
    "message": "Argentina / San Luis"
  },
  "tz_Argentina___La_Rioja": {
    "message": "Argentina / La Rioja"
  },
  "tz_Caracas": {
    "message": "Caracas"
  },
  "tz_Rio_Branco": {
    "message": "Rio Branco"
  },
  "tz_Kralendijk": {
    "message": "Kralendijk"
  },
  "tz_Argentina___Ushuaia": {
    "message": "Argentina / Ushuaia"
  },
  "tz_Iqaluit": {
    "message": "Iqaluit"
  },
  "tz_Argentina___San_Juan": {
    "message": "Argentina / San Juan"
  },
  "tz_Thule": {
    "message": "Thule"
  },
  "tz_Argentina___Mendoza": {
    "message": "Argentina / Mendoza"
  },
  "tz_Curacao": {
    "message": "Curacao"
  },
  "tz_Argentina___Rio_Gallegos": {
    "message": "Argentina / Rio Gallegos"
  },
  "tz_Santo_Domingo": {
    "message": "Santo Domingo"
  },
  "tz_Aruba": {
    "message": "Aruba"
  },
  "tz_Eirunepe": {
    "message": "Eirunepe"
  },
  "tz_Santiago": {
    "message": "Santiago"
  },
  "tz_Grand_Turk": {
    "message": "Grand Turk"
  },
  "tz_Port__au__Prince": {
    "message": "Port-au-Prince"
  },
  "tz_New_York": {
    "message": "New York"
  },
  "tz_Bogota": {
    "message": "Bogota"
  },
  "tz_Nassau": {
    "message": "Nassau"
  },
  "tz_Jamaica": {
    "message": "Jamaica"
  },
  "tz_Panama": {
    "message": "Panama"
  },
  "tz_Lima": {
    "message": "Lima"
  },
  "tz_Guayaquil": {
    "message": "Guayaquil"
  },
  "tz_Detroit": {
    "message": "Detroit"
  },
  "tz_Toronto": {
    "message": "Toronto"
  },
  "tz_Cayman": {
    "message": "Cayman"
  },
  "tz_Havana": {
    "message": "Havana"
  },
  "tz_Costa_Rica": {
    "message": "Costa Rica"
  },
  "tz_Kentucky___Monticello": {
    "message": "Kentucky / Monticello"
  },
  "tz_Indiana___Vevay": {
    "message": "Indiana / VEVAY"
  },
  "tz_Kentucky___Louisville": {
    "message": "Kentucky / Louisville"
  },
  "tz_Indiana___Indianapolis": {
    "message": "Indiana / Indianapolis"
  },
  "tz_Managua": {
    "message": "Managua"
  },
  "tz_Indiana___Marengo": {
    "message": "Indiana / Marengo"
  },
  "tz_Indiana___Winamac": {
    "message": "Indiana / WINAMAC"
  },
  "tz_Indiana___Tell_City": {
    "message": "Indiana / Mwambie mji"
  },
  "tz_Cancun": {
    "message": "Cancun"
  },
  "tz_Indiana___Knox": {
    "message": "Indiana / Knox"
  },
  "tz_Indiana___Vincennes": {
    "message": "Indiana / Vincennes"
  },
  "tz_Tegucigalpa": {
    "message": "Tegucigalpa"
  },
  "tz_Indiana___Petersburg": {
    "message": "Indiana / Petersburg"
  },
  "tz_Menominee": {
    "message": "Menominee"
  },
  "tz_Chicago": {
    "message": "Chicago"
  },
  "tz_Belize": {
    "message": "Belize"
  },
  "tz_Nipigon": {
    "message": "Nipigon"
  },
  "tz_El_Salvador": {
    "message": "El Salvador"
  },
  "tz_Thunder_Bay": {
    "message": "Thunder Bay"
  },
  "tz_Atikokan": {
    "message": "Atikokan"
  },
  "tz_Rankin_Inlet": {
    "message": "Nachingwea"
  },
  "tz_Merida": {
    "message": "Merida"
  },
  "tz_Guatemala": {
    "message": "Guatemala"
  },
  "tz_Resolute": {
    "message": "Resolute"
  },
  "tz_Winnipeg": {
    "message": "Winnipeg"
  },
  "tz_Rainy_River": {
    "message": "mvua Mto"
  },
  "tz_Matamoros": {
    "message": "Matamoros"
  },
  "tz_North_Dakota___Beulah": {
    "message": "North Dakota / Beulah"
  },
  "tz_Mexico_City": {
    "message": "Mexico City"
  },
  "tz_Monterrey": {
    "message": "Monterrey"
  },
  "tz_North_Dakota___Center": {
    "message": "North Dakota / Center"
  },
  "tz_North_Dakota___New_Salem": {
    "message": "North Dakota / New Salem"
  },
  "tz_Ojinaga": {
    "message": "Ojinaga"
  },
  "tz_Denver": {
    "message": "Denver"
  },
  "tz_Mazatlan": {
    "message": "Mazatlan"
  },
  "tz_Regina": {
    "message": "Regina"
  },
  "tz_Cambridge_Bay": {
    "message": "Cambridge Bay"
  },
  "tz_Bahia_Banderas": {
    "message": "Bahia Banderas"
  },
  "tz_Chihuahua": {
    "message": "Chihuahua"
  },
  "tz_Swift_Current": {
    "message": "Swift sasa"
  },
  "tz_Hermosillo": {
    "message": "Hermosillo"
  },
  "tz_Santa_Isabel": {
    "message": "Santa Isabel"
  },
  "tz_Phoenix": {
    "message": "Phoenix"
  },
  "tz_Edmonton": {
    "message": "Edmonton"
  },
  "tz_Yellowknife": {
    "message": "Yellowknife"
  },
  "tz_Los_Angeles": {
    "message": "Los Angeles"
  },
  "tz_Boise": {
    "message": "Boise"
  },
  "tz_Creston": {
    "message": "Creston"
  },
  "tz_Metlakatla": {
    "message": "METLAKATLA"
  },
  "tz_Inuvik": {
    "message": "Inuvik"
  },
  "tz_Tijuana": {
    "message": "Tijuana"
  },
  "tz_Juneau": {
    "message": "Juneau"
  },
  "tz_Whitehorse": {
    "message": "Whitehorse"
  },
  "tz_Dawson_Creek": {
    "message": "Dawson Creek"
  },
  "tz_Vancouver": {
    "message": "Vancouver"
  },
  "tz_Sitka": {
    "message": "Sitka"
  },
  "tz_Dawson": {
    "message": "Dawson"
  },
  "tz_Yakutat": {
    "message": "Yakutat"
  },
  "tz_Adak": {
    "message": "Adak"
  },
  "tz_Anchorage": {
    "message": "Anchorage"
  },
  "tz_Nome": {
    "message": "Nome"
  },
  "tz_America": {
    "message": "Amerika ya"
  },
  "tz_Mogadishu": {
    "message": "Mogadishu"
  },
  "tz_Djibouti": {
    "message": "Djibouti"
  },
  "tz_Nairobi": {
    "message": "Nairobi"
  },
  "tz_Dar_es_Salaam": {
    "message": "Dar es Salaam"
  },
  "tz_Asmara": {
    "message": "Asmara"
  },
  "tz_Addis_Ababa": {
    "message": "Addis Ababa"
  },
  "tz_Mbabane": {
    "message": "Mbabane"
  },
  "tz_Blantyre": {
    "message": "Blantyre"
  },
  "tz_Maputo": {
    "message": "Maputo"
  },
  "tz_Khartoum": {
    "message": "Khartoum"
  },
  "tz_Kampala": {
    "message": "Kampala"
  },
  "tz_Juba": {
    "message": "Juba"
  },
  "tz_Cairo": {
    "message": "Cairo"
  },
  "tz_Harare": {
    "message": "Harare"
  },
  "tz_Lubumbashi": {
    "message": "Lubumbashi"
  },
  "tz_Kigali": {
    "message": "Kigali"
  },
  "tz_Bujumbura": {
    "message": "Bujumbura"
  },
  "tz_Lusaka": {
    "message": "Lusaka"
  },
  "tz_Johannesburg": {
    "message": "Johannesburg"
  },
  "tz_Maseru": {
    "message": "Maseru"
  },
  "tz_Gaborone": {
    "message": "Gaborone"
  },
  "tz_Brazzaville": {
    "message": "Brazzaville"
  },
  "tz_Luanda": {
    "message": "Luanda"
  },
  "tz_Bangui": {
    "message": "Bangui"
  },
  "tz_Windhoek": {
    "message": "Windhoek"
  },
  "tz_Kinshasa": {
    "message": "Kinshasa"
  },
  "tz_Ndjamena": {
    "message": "Ndjamena"
  },
  "tz_Tripoli": {
    "message": "Tripoli"
  },
  "tz_Douala": {
    "message": "Douala"
  },
  "tz_Tunis": {
    "message": "Tunis"
  },
  "tz_Libreville": {
    "message": "Libreville"
  },
  "tz_Malabo": {
    "message": "Malabo"
  },
  "tz_Sao_Tome": {
    "message": "Sao Tome"
  },
  "tz_Lagos": {
    "message": "Lagos"
  },
  "tz_Algiers": {
    "message": "Algiers"
  },
  "tz_Accra": {
    "message": "Accra"
  },
  "tz_Porto__Novo": {
    "message": "Porto-Novo"
  },
  "tz_Niamey": {
    "message": "Niamey"
  },
  "tz_Lome": {
    "message": "Lome"
  },
  "tz_Abidjan": {
    "message": "Abidjan"
  },
  "tz_Monrovia": {
    "message": "Monrovia"
  },
  "tz_Ouagadougou": {
    "message": "Ouagadougou"
  },
  "tz_Freetown": {
    "message": "Freetown"
  },
  "tz_Ceuta": {
    "message": "Ceuta"
  },
  "tz_Casablanca": {
    "message": "Casablanca"
  },
  "tz_Bamako": {
    "message": "Bamako"
  },
  "tz_El_Aaiun": {
    "message": "El Aaiun"
  },
  "tz_Nouakchott": {
    "message": "Nouakchott"
  },
  "tz_Conakry": {
    "message": "Conakry"
  },
  "tz_Bissau": {
    "message": "Bissau"
  },
  "tz_Banjul": {
    "message": "Banjul"
  },
  "tz_Dakar": {
    "message": "Dakar"
  },
  "tz_Africa": {
    "message": "Afrika"
  },
  "tz_Local_Time": {
    "message": "Wakati wa ndani"
  },
  "ui_alwaysOnTop": {
    "message": "Daima juu"
  },
  "ui_addTimezone": {
    "message": "kuongeza"
  },
  "ui_extraTimezones": {
    "message": "Kinga ya ziada ya maeneo ya wakati"
  },
  "ui_autoHide": {
    "message": "kujificha moja kwa moja"
  },
  "manifest_description": {
    "message": "Kalenda na saa rahisi widget."
  },
  "manifest_name": {
    "message": "kalenda Clock"
  },
  "ui_weekStartSunday": {
    "message": "Wiki kuanza siku ya Jumapili"
  },
  "ui_hour24": {
    "message": "Saa ya masaa 24"
  }
}