{
  "json_end": {
    "message": "json_end"
  },
  "tz_Funafuti": {
    "message": "Φουναφούτι"
  },
  "tz_Fiji": {
    "message": "Φίτζι"
  },
  "tz_Auckland": {
    "message": "Auckland"
  },
  "tz_Tarawa": {
    "message": "Ταράβα"
  },
  "tz_Majuro": {
    "message": "Μαγιούρο"
  },
  "tz_Efate": {
    "message": "Efate"
  },
  "tz_Norfolk": {
    "message": "Norfolk"
  },
  "tz_Kwajalein": {
    "message": "Κουαγιαλέιν"
  },
  "tz_Nauru": {
    "message": "Ναουρού"
  },
  "tz_Wake": {
    "message": "wake"
  },
  "tz_Noumea": {
    "message": "Νουμέα"
  },
  "tz_Kosrae": {
    "message": "Κόσρα"
  },
  "tz_Guadalcanal": {
    "message": "Γκουανταλκανάλ"
  },
  "tz_Pohnpei": {
    "message": "Pohnpei"
  },
  "tz_Chuuk": {
    "message": "Τσούουκ"
  },
  "tz_Port_Moresby": {
    "message": "Πορτ Μόρεσμπι"
  },
  "tz_Saipan": {
    "message": "Σαϊπάν"
  },
  "tz_Guam": {
    "message": "Γκουάμ"
  },
  "tz_Palau": {
    "message": "Palau"
  },
  "tz_Galapagos": {
    "message": "Γκαλαπάγκος"
  },
  "tz_Easter": {
    "message": "Πάσχα"
  },
  "tz_Pitcairn": {
    "message": "Pitcairn"
  },
  "tz_Gambier": {
    "message": "Gambier"
  },
  "tz_Marquesas": {
    "message": "Marquesas"
  },
  "tz_Tahiti": {
    "message": "Ταϊτή"
  },
  "tz_Kiritimati": {
    "message": "Κιριτιμάτι"
  },
  "tz_Honolulu": {
    "message": "Χονολουλού"
  },
  "tz_Rarotonga": {
    "message": "Ραροτόνγκα"
  },
  "tz_Johnston": {
    "message": "Johnston"
  },
  "tz_Niue": {
    "message": "Νιούε"
  },
  "tz_Pago_Pago": {
    "message": "Πάγκο Πάγκο"
  },
  "tz_Enderbury": {
    "message": "Enderbury"
  },
  "tz_Fakaofo": {
    "message": "Fakaofo"
  },
  "tz_Apia": {
    "message": "Απία"
  },
  "tz_Tongatapu": {
    "message": "Tongatapu"
  },
  "tz_Wallis": {
    "message": "Wallis"
  },
  "tz_Chatham": {
    "message": "Chatham"
  },
  "tz_Midway": {
    "message": "Midway"
  },
  "tz_Pacific": {
    "message": "ειρηνικός"
  },
  "tz_Christmas": {
    "message": "Χριστούγεννα"
  },
  "tz_Cocos": {
    "message": "cocos"
  },
  "tz_Maldives": {
    "message": "Μαλδίβες"
  },
  "tz_Chagos": {
    "message": "Τσάγκος"
  },
  "tz_Kerguelen": {
    "message": "Κεργελέν"
  },
  "tz_Mauritius": {
    "message": "Μαυρίκιος"
  },
  "tz_Reunion": {
    "message": "Reunion"
  },
  "tz_Mahe": {
    "message": "Mahe"
  },
  "tz_Antananarivo": {
    "message": "Ανταναναρίβο"
  },
  "tz_Mayotte": {
    "message": "Μαγιότ"
  },
  "tz_Comoro": {
    "message": "Κομόρες"
  },
  "tz_Indian": {
    "message": "Ινδός"
  },
  "tz_Samara": {
    "message": "Σαμαρά"
  },
  "tz_Volgograd": {
    "message": "Volgograd"
  },
  "tz_Moscow": {
    "message": "Μόσχα"
  },
  "tz_Zaporozhye": {
    "message": "Ζαπορόζιε"
  },
  "tz_Simferopol": {
    "message": "Simferopol"
  },
  "tz_Kiev": {
    "message": "Κίεβο"
  },
  "tz_Istanbul": {
    "message": "Κωνσταντινούπολη"
  },
  "tz_Chisinau": {
    "message": "Chisinau"
  },
  "tz_Minsk": {
    "message": "Μινσκ"
  },
  "tz_Bucharest": {
    "message": "Βουκουρέστι"
  },
  "tz_Vilnius": {
    "message": "Βίλνιους"
  },
  "tz_Helsinki": {
    "message": "Ελσίνκι"
  },
  "tz_Tallinn": {
    "message": "Ταλίν"
  },
  "tz_Riga": {
    "message": "Ρίγα"
  },
  "tz_Athens": {
    "message": "Αθήνα"
  },
  "tz_Sofia": {
    "message": "Σοφία"
  },
  "tz_Uzhgorod": {
    "message": "Uzhgorod"
  },
  "tz_Skopje": {
    "message": "Σκόπια"
  },
  "tz_Warsaw": {
    "message": "Βαρσοβία"
  },
  "tz_Kaliningrad": {
    "message": "Καλίνινγκραντ"
  },
  "tz_Belgrade": {
    "message": "Βελιγράδι"
  },
  "tz_Mariehamn": {
    "message": "Μάριεχαμν"
  },
  "tz_Tirane": {
    "message": "Τίρανα"
  },
  "tz_Budapest": {
    "message": "Βουδαπέστη"
  },
  "tz_Podgorica": {
    "message": "Ποντγκόριτσα"
  },
  "tz_Stockholm": {
    "message": "Στοκχόλμη"
  },
  "tz_Sarajevo": {
    "message": "Σαράγεβο"
  },
  "tz_Bratislava": {
    "message": "Μπρατισλάβα"
  },
  "tz_Vienna": {
    "message": "Βιέννη"
  },
  "tz_Zagreb": {
    "message": "Ζάγκρεμπ"
  },
  "tz_Ljubljana": {
    "message": "Λιουμπλιάνα"
  },
  "tz_Malta": {
    "message": "Μάλτα"
  },
  "tz_Prague": {
    "message": "Πράγα"
  },
  "tz_Berlin": {
    "message": "Βερολίνο"
  },
  "tz_Copenhagen": {
    "message": "Κοπεγχάγη"
  },
  "tz_Rome": {
    "message": "Ρώμη"
  },
  "tz_San_Marino": {
    "message": "Σαν Μαρίνο"
  },
  "tz_Vatican": {
    "message": "Βατικανό"
  },
  "tz_Oslo": {
    "message": "Όσλο"
  },
  "tz_Vaduz": {
    "message": "Vaduz"
  },
  "tz_Busingen": {
    "message": "Busingen"
  },
  "tz_Zurich": {
    "message": "Ζυρίχη"
  },
  "tz_Monaco": {
    "message": "Μονακό"
  },
  "tz_Luxembourg": {
    "message": "Λουξεμβούργο"
  },
  "tz_Amsterdam": {
    "message": "Άμστερνταμ"
  },
  "tz_Brussels": {
    "message": "Βρυξέλλες"
  },
  "tz_Paris": {
    "message": "Παρίσι"
  },
  "tz_Andorra": {
    "message": "Ανδόρα"
  },
  "tz_London": {
    "message": "Λονδίνο"
  },
  "tz_Guernsey": {
    "message": "Guernsey"
  },
  "tz_Jersey": {
    "message": "φανέλα"
  },
  "tz_Madrid": {
    "message": "Μαδρίτη"
  },
  "tz_Isle_of_Man": {
    "message": "Isle of Man"
  },
  "tz_Gibraltar": {
    "message": "Γιβραλτάρ"
  },
  "tz_Dublin": {
    "message": "Δουβλίνο"
  },
  "tz_Lisbon": {
    "message": "Λισαβόνα"
  },
  "tz_Europe": {
    "message": "Ευρώπη"
  },
  "tz_Lord_Howe": {
    "message": "Lord Howe"
  },
  "tz_Brisbane": {
    "message": "Brisbane"
  },
  "tz_Sydney": {
    "message": "Σίδνεϊ"
  },
  "tz_Lindeman": {
    "message": "Lindeman"
  },
  "tz_Hobart": {
    "message": "Χόμπαρτ"
  },
  "tz_Melbourne": {
    "message": "Μελβούρνη"
  },
  "tz_Currie": {
    "message": "Currie"
  },
  "tz_Broken_Hill": {
    "message": "Μπρόκεν Χιλ"
  },
  "tz_Adelaide": {
    "message": "Αδελαΐδα"
  },
  "tz_Darwin": {
    "message": "Darwin"
  },
  "tz_Eucla": {
    "message": "Eucla"
  },
  "tz_Perth": {
    "message": "Περθ"
  },
  "tz_Australia": {
    "message": "Αυστραλία"
  },
  "tz_St_Helena": {
    "message": "Αγία Ελένη"
  },
  "tz_Faroe": {
    "message": "Φερόε"
  },
  "tz_Canary": {
    "message": "καναρίνι"
  },
  "tz_Madeira": {
    "message": "Μαδέρα"
  },
  "tz_Reykjavik": {
    "message": "Ρέικιαβικ"
  },
  "tz_Cape_Verde": {
    "message": "Πράσινο Ακρωτήριο"
  },
  "tz_Azores": {
    "message": "Αζόρες"
  },
  "tz_South_Georgia": {
    "message": "νότια Γεωργία"
  },
  "tz_Stanley": {
    "message": "Stanley"
  },
  "tz_Bermuda": {
    "message": "Βερμούδα"
  },
  "tz_Atlantic": {
    "message": "Atlantic"
  },
  "tz_Anadyr": {
    "message": "Anadyr"
  },
  "tz_Kamchatka": {
    "message": "Kamchatka"
  },
  "tz_Magadan": {
    "message": "Μαγκαντάν"
  },
  "tz_Ust__Nera": {
    "message": "Ουστ-Nera"
  },
  "tz_Sakhalin": {
    "message": "Sakhalin"
  },
  "tz_Jayapura": {
    "message": "Γιαπούρα"
  },
  "tz_Tokyo": {
    "message": "Τόκιο"
  },
  "tz_Khandyga": {
    "message": "Khandyga"
  },
  "tz_Vladivostok": {
    "message": "Βλαδιβοστόκ"
  },
  "tz_Yakutsk": {
    "message": "Γιακούτσκ"
  },
  "tz_Seoul": {
    "message": "Σεούλ"
  },
  "tz_Harbin": {
    "message": "Harbin"
  },
  "tz_Pyongyang": {
    "message": "Pyongyang"
  },
  "tz_Dili": {
    "message": "Ντίλι"
  },
  "tz_Taipei": {
    "message": "Ταϊπέι"
  },
  "tz_Shanghai": {
    "message": "Σαγκάη"
  },
  "tz_Manila": {
    "message": "Μανίλα"
  },
  "tz_Brunei": {
    "message": "Μπρουνέι"
  },
  "tz_Makassar": {
    "message": "Makassar"
  },
  "tz_Choibalsan": {
    "message": "Choibalsan"
  },
  "tz_Hong_Kong": {
    "message": "Χονγκ Κονγκ"
  },
  "tz_Kuching": {
    "message": "Kuching"
  },
  "tz_Macau": {
    "message": "Μακάο"
  },
  "tz_Pontianak": {
    "message": "Pontianak"
  },
  "tz_Ulaanbaatar": {
    "message": "Ουλάν Μπατόρ"
  },
  "tz_Jakarta": {
    "message": "Τζακάρτα"
  },
  "tz_Ho_Chi_Minh": {
    "message": "Ho Chi Minh"
  },
  "tz_Phnom_Penh": {
    "message": "Πνομ Πενχ"
  },
  "tz_Chongqing": {
    "message": "Chongqing"
  },
  "tz_Irkutsk": {
    "message": "Ιρκούτσκ"
  },
  "tz_Singapore": {
    "message": "Σιγκαπούρη"
  },
  "tz_Vientiane": {
    "message": "Vientiane"
  },
  "tz_Kuala_Lumpur": {
    "message": "Κουάλα Λουμπούρ"
  },
  "tz_Bangkok": {
    "message": "Μπανγκόκ"
  },
  "tz_Rangoon": {
    "message": "Ρανγκούν"
  },
  "tz_Krasnoyarsk": {
    "message": "Κρασνογιάρσκ"
  },
  "tz_Hovd": {
    "message": "Χοβντ"
  },
  "tz_Dhaka": {
    "message": "Ντάκα"
  },
  "tz_Thimphu": {
    "message": "Τιμπού"
  },
  "tz_Kolkata": {
    "message": "Καλκούτα"
  },
  "tz_Urumqi": {
    "message": "Ουρούμκι"
  },
  "tz_Novokuznetsk": {
    "message": "Novokuznetsk"
  },
  "tz_Kathmandu": {
    "message": "Κατμαντού"
  },
  "tz_Novosibirsk": {
    "message": "Νοβοσιμπίρσκ"
  },
  "tz_Colombo": {
    "message": "Colombo"
  },
  "tz_Almaty": {
    "message": "Αλμάτι"
  },
  "tz_Kashgar": {
    "message": "Kashgar"
  },
  "tz_Bishkek": {
    "message": "Μπισκέκ"
  },
  "tz_Omsk": {
    "message": "Omsk"
  },
  "tz_Tashkent": {
    "message": "Τασκένδη"
  },
  "tz_Kabul": {
    "message": "Καμπούλ"
  },
  "tz_Dushanbe": {
    "message": "Ντουσαμπέ"
  },
  "tz_Karachi": {
    "message": "Καράτσι"
  },
  "tz_Samarkand": {
    "message": "Σαμαρκάνδη"
  },
  "tz_Qyzylorda": {
    "message": "Qyzylorda"
  },
  "tz_Yekaterinburg": {
    "message": "Αικατερινούπολη"
  },
  "tz_Muscat": {
    "message": "μοσχοστάφυλο"
  },
  "tz_Ashgabat": {
    "message": "Ασγκαμπάτ"
  },
  "tz_Aqtobe": {
    "message": "Aqtobe"
  },
  "tz_Dubai": {
    "message": "Ντουμπάι"
  },
  "tz_Qatar": {
    "message": "Κατάρ"
  },
  "tz_Tehran": {
    "message": "Τεχεράνη"
  },
  "tz_Oral": {
    "message": "από το στόμα"
  },
  "tz_Bahrain": {
    "message": "Μπαχρέιν"
  },
  "tz_Aqtau": {
    "message": "Ακτάου"
  },
  "tz_Baku": {
    "message": "Μπακού"
  },
  "tz_Kuwait": {
    "message": "Κουβέιτ"
  },
  "tz_Riyadh": {
    "message": "Ριάντ"
  },
  "tz_Aden": {
    "message": "Άντεν"
  },
  "tz_Tbilisi": {
    "message": "Τιφλίδα"
  },
  "tz_Yerevan": {
    "message": "Ερεβάν"
  },
  "tz_Baghdad": {
    "message": "Βαγδάτη"
  },
  "tz_Damascus": {
    "message": "Δαμάσκο"
  },
  "tz_Amman": {
    "message": "Αμάν"
  },
  "tz_Beirut": {
    "message": "Βηρυτός"
  },
  "tz_Jerusalem": {
    "message": "Ιερουσαλήμ"
  },
  "tz_Hebron": {
    "message": "Hebron"
  },
  "tz_Gaza": {
    "message": "Γάζα"
  },
  "tz_Nicosia": {
    "message": "Λευκωσία"
  },
  "tz_Asia": {
    "message": "Ασία"
  },
  "tz_Longyearbyen": {
    "message": "Longyearbyen"
  },
  "tz_Arctic": {
    "message": "αρκτικός"
  },
  "tz_McMurdo": {
    "message": "McMurdo"
  },
  "tz_Macquarie": {
    "message": "Macquarie"
  },
  "tz_DumontDUrville": {
    "message": "DumontDUrville"
  },
  "tz_Casey": {
    "message": "Casey"
  },
  "tz_Davis": {
    "message": "Davis"
  },
  "tz_Vostok": {
    "message": "Vostok"
  },
  "tz_Mawson": {
    "message": "Mawson"
  },
  "tz_Syowa": {
    "message": "Σύοβα"
  },
  "tz_Troll": {
    "message": "γίγας"
  },
  "tz_Palmer": {
    "message": "προσκυνητής"
  },
  "tz_Rothera": {
    "message": "Rothera"
  },
  "tz_Antarctica": {
    "message": "Ανταρκτική"
  },
  "tz_Danmarkshavn": {
    "message": "Danmarkshavn"
  },
  "tz_Scoresbysund": {
    "message": "Scoresbysund"
  },
  "tz_Noronha": {
    "message": "Noronha"
  },
  "tz_Recife": {
    "message": "Ρεσίφε"
  },
  "tz_Maceio": {
    "message": "Maceio"
  },
  "tz_Fortaleza": {
    "message": "Fortaleza"
  },
  "tz_Bahia": {
    "message": "Bahia"
  },
  "tz_Sao_Paulo": {
    "message": "Σάο Πάολο"
  },
  "tz_Araguaina": {
    "message": "Αραγουένα"
  },
  "tz_Belem": {
    "message": "Belem"
  },
  "tz_Godthab": {
    "message": "Godthab"
  },
  "tz_Cayenne": {
    "message": "κόκκινο πιπέρι"
  },
  "tz_St_Johns": {
    "message": "St Johns"
  },
  "tz_Campo_Grande": {
    "message": "Campo Grande"
  },
  "tz_Paramaribo": {
    "message": "Παραμαρίμπο"
  },
  "tz_Santarem": {
    "message": "Santarem"
  },
  "tz_Cuiaba": {
    "message": "Cuiaba"
  },
  "tz_Montevideo": {
    "message": "Μοντεβιδέο"
  },
  "tz_Miquelon": {
    "message": "Μικελόν"
  },
  "tz_Blanc__Sablon": {
    "message": "Blanc-Sablon"
  },
  "tz_Asuncion": {
    "message": "Asuncion"
  },
  "tz_Guyana": {
    "message": "Γουιάνα"
  },
  "tz_Argentina___Buenos_Aires": {
    "message": "Αργεντινή / Μπουένος Άιρες"
  },
  "tz_Barbados": {
    "message": "Μπαρμπάντος"
  },
  "tz_Manaus": {
    "message": "Manaus"
  },
  "tz_Glace_Bay": {
    "message": "Glace Bay"
  },
  "tz_Goose_Bay": {
    "message": "Goose Bay"
  },
  "tz_Boa_Vista": {
    "message": "Μπόα Βίστα"
  },
  "tz_St_Lucia": {
    "message": "St Lucia"
  },
  "tz_Martinique": {
    "message": "Μαρτινίκα"
  },
  "tz_St_Vincent": {
    "message": "St Vincent"
  },
  "tz_Dominica": {
    "message": "Ντομίνικα"
  },
  "tz_Port_of_Spain": {
    "message": "Port of Spain"
  },
  "tz_Guadeloupe": {
    "message": "Γουαδελούπη"
  },
  "tz_Grenada": {
    "message": "Γρενάδα"
  },
  "tz_Antigua": {
    "message": "Αντίγκουα"
  },
  "tz_Montserrat": {
    "message": "Montserrat"
  },
  "tz_St_Kitts": {
    "message": "Σεντ Κιτς"
  },
  "tz_Lower_Princes": {
    "message": "Κάτω Princes"
  },
  "tz_St_Barthelemy": {
    "message": "St Barthelemy"
  },
  "tz_Anguilla": {
    "message": "Ανγκουίλα"
  },
  "tz_Marigot": {
    "message": "Marigot"
  },
  "tz_Halifax": {
    "message": "Χάλιφαξ"
  },
  "tz_Porto_Velho": {
    "message": "Πόρτο Βέλο"
  },
  "tz_Argentina___Cordoba": {
    "message": "Αργεντινή / Cordoba"
  },
  "tz_Tortola": {
    "message": "Tortola"
  },
  "tz_Moncton": {
    "message": "Μόνκτον"
  },
  "tz_St_Thomas": {
    "message": "St Thomas"
  },
  "tz_Argentina___Tucuman": {
    "message": "Αργεντινή / Tucuman"
  },
  "tz_Argentina___Jujuy": {
    "message": "Αργεντινή / Jujuy"
  },
  "tz_Pangnirtung": {
    "message": "Πανγκνίρτουνγκ"
  },
  "tz_Argentina___Salta": {
    "message": "Αργεντινή / Salta"
  },
  "tz_Puerto_Rico": {
    "message": "Πουέρτο Ρίκο"
  },
  "tz_Argentina___Catamarca": {
    "message": "Αργεντινή / Catamarca"
  },
  "tz_Argentina___San_Luis": {
    "message": "Αργεντινή / San Luis"
  },
  "tz_Argentina___La_Rioja": {
    "message": "Αργεντινή / La Rioja"
  },
  "tz_Caracas": {
    "message": "Καράκας"
  },
  "tz_Rio_Branco": {
    "message": "Rio Branco"
  },
  "tz_La_Paz": {
    "message": "Λα Παζ"
  },
  "tz_Kralendijk": {
    "message": "Kralendijk"
  },
  "tz_Argentina___Ushuaia": {
    "message": "Αργεντινή / Ushuaia"
  },
  "tz_Iqaluit": {
    "message": "Iqaluit"
  },
  "tz_Argentina___San_Juan": {
    "message": "Αργεντινή / San Juan"
  },
  "tz_Thule": {
    "message": "Thule"
  },
  "tz_Argentina___Mendoza": {
    "message": "Αργεντινή / Mendoza"
  },
  "tz_Curacao": {
    "message": "κουράσω"
  },
  "tz_Eirunepe": {
    "message": "Eirunepe"
  },
  "tz_Argentina___Rio_Gallegos": {
    "message": "Αργεντινή / Rio Gallegos"
  },
  "tz_Santo_Domingo": {
    "message": "Santo Domingo"
  },
  "tz_Aruba": {
    "message": "Αρούμπα"
  },
  "tz_Grand_Turk": {
    "message": "grand Turk"
  },
  "tz_Santiago": {
    "message": "Santiago"
  },
  "tz_Port__au__Prince": {
    "message": "Port-au-Prince"
  },
  "tz_New_York": {
    "message": "νέα Υόρκη"
  },
  "tz_Jamaica": {
    "message": "Ιαμαϊκή"
  },
  "tz_Bogota": {
    "message": "Μπογκοτά"
  },
  "tz_Lima": {
    "message": "είδος φασιολού"
  },
  "tz_Nassau": {
    "message": "Nassau"
  },
  "tz_Toronto": {
    "message": "Τορόντο"
  },
  "tz_Panama": {
    "message": "Παναμάς"
  },
  "tz_Guayaquil": {
    "message": "Guayaquil"
  },
  "tz_Cayman": {
    "message": "είδος κροκοδείλου της Νότιας Αμερικής"
  },
  "tz_Detroit": {
    "message": "Ντιτρόιτ"
  },
  "tz_Havana": {
    "message": "Αβάνα"
  },
  "tz_Costa_Rica": {
    "message": "Κόστα Ρίκα"
  },
  "tz_Kentucky___Monticello": {
    "message": "Kentucky / Monticello"
  },
  "tz_Kentucky___Louisville": {
    "message": "Kentucky / Louisville"
  },
  "tz_Indiana___Vevay": {
    "message": "Indiana / Vevay"
  },
  "tz_Indiana___Indianapolis": {
    "message": "Indiana / Indianapolis"
  },
  "tz_Managua": {
    "message": "Μανάγουα"
  },
  "tz_Indiana___Marengo": {
    "message": "Indiana / Marengo"
  },
  "tz_Indiana___Winamac": {
    "message": "Indiana / Winamac"
  },
  "tz_Indiana___Knox": {
    "message": "Indiana / Knox"
  },
  "tz_Indiana___Tell_City": {
    "message": "Indiana / Tell City"
  },
  "tz_Cancun": {
    "message": "Κανκούν"
  },
  "tz_Tegucigalpa": {
    "message": "Tegucigalpa"
  },
  "tz_Indiana___Petersburg": {
    "message": "Indiana / Πετρούπολη"
  },
  "tz_Indiana___Vincennes": {
    "message": "Indiana / Vincennes"
  },
  "tz_Menominee": {
    "message": "μΕνόμινι"
  },
  "tz_Chicago": {
    "message": "Σικάγο"
  },
  "tz_Belize": {
    "message": "Μπελίζ"
  },
  "tz_Nipigon": {
    "message": "Nipigon"
  },
  "tz_El_Salvador": {
    "message": "Ελ Σαλβαδόρ"
  },
  "tz_Thunder_Bay": {
    "message": "Θάντερ Μπέι"
  },
  "tz_Merida": {
    "message": "Merida"
  },
  "tz_Guatemala": {
    "message": "Γουατεμάλα"
  },
  "tz_Atikokan": {
    "message": "Atikokan"
  },
  "tz_Rankin_Inlet": {
    "message": "Rankin Inlet"
  },
  "tz_Rainy_River": {
    "message": "Rainy River"
  },
  "tz_Resolute": {
    "message": "αποφασιστικός"
  },
  "tz_Winnipeg": {
    "message": "Γουίνιπεγκ"
  },
  "tz_Matamoros": {
    "message": "Matamoros"
  },
  "tz_Mexico_City": {
    "message": "Πόλη του Μεξικού"
  },
  "tz_Monterrey": {
    "message": "Μοντερέι"
  },
  "tz_North_Dakota___Center": {
    "message": "Βόρεια Ντακότα / Κέντρο"
  },
  "tz_North_Dakota___New_Salem": {
    "message": "Βόρεια Ντακότα / New Salem"
  },
  "tz_North_Dakota___Beulah": {
    "message": "Βόρεια Ντακότα / Beulah"
  },
  "tz_Ojinaga": {
    "message": "Ojinaga"
  },
  "tz_Regina": {
    "message": "βασίλισσα"
  },
  "tz_Denver": {
    "message": "Ντένβερ"
  },
  "tz_Cambridge_Bay": {
    "message": "Cambridge Bay"
  },
  "tz_Bahia_Banderas": {
    "message": "Bahia Banderas"
  },
  "tz_Chihuahua": {
    "message": "Τσιουάουα"
  },
  "tz_Mazatlan": {
    "message": "Μαζατλάν"
  },
  "tz_Swift_Current": {
    "message": "Swift Current"
  },
  "tz_Hermosillo": {
    "message": "Hermosillo"
  },
  "tz_Edmonton": {
    "message": "Έντμοντον"
  },
  "tz_Phoenix": {
    "message": "Φοίνιξ"
  },
  "tz_Yellowknife": {
    "message": "Yellowknife"
  },
  "tz_Santa_Isabel": {
    "message": "Santa Isabel"
  },
  "tz_Creston": {
    "message": "Creston"
  },
  "tz_Boise": {
    "message": "Boise"
  },
  "tz_Tijuana": {
    "message": "Τιχουάνα"
  },
  "tz_Los_Angeles": {
    "message": "Λος Άντζελες"
  },
  "tz_Dawson_Creek": {
    "message": "Dawson Creek"
  },
  "tz_Vancouver": {
    "message": "Βανκούβερ"
  },
  "tz_Metlakatla": {
    "message": "Μετλακάτλα"
  },
  "tz_Inuvik": {
    "message": "Inuvik"
  },
  "tz_Juneau": {
    "message": "Τζούνο"
  },
  "tz_Whitehorse": {
    "message": "Whitehorse"
  },
  "tz_Dawson": {
    "message": "Dawson"
  },
  "tz_Sitka": {
    "message": "Sitka"
  },
  "tz_Yakutat": {
    "message": "Γιακούτατ"
  },
  "tz_Anchorage": {
    "message": "αγκυροβόλιο"
  },
  "tz_Nome": {
    "message": "Nome"
  },
  "tz_Adak": {
    "message": "Adak"
  },
  "tz_America": {
    "message": "Αμερική"
  },
  "tz_Mogadishu": {
    "message": "Μογκαντίσου"
  },
  "tz_Djibouti": {
    "message": "Τζιμπουτί"
  },
  "tz_Dar_es_Salaam": {
    "message": "Dar es Salaam"
  },
  "tz_Asmara": {
    "message": "Ασμάρα"
  },
  "tz_Addis_Ababa": {
    "message": "Αντίς Αμπέμπα"
  },
  "tz_Nairobi": {
    "message": "Ναϊρόμπι"
  },
  "tz_Blantyre": {
    "message": "Blantyre"
  },
  "tz_Maputo": {
    "message": "Μαπούτο"
  },
  "tz_Khartoum": {
    "message": "Χαρτούμ"
  },
  "tz_Juba": {
    "message": "Juba"
  },
  "tz_Kampala": {
    "message": "Καμπάλα"
  },
  "tz_Mbabane": {
    "message": "μπΑμπάνΕ"
  },
  "tz_Cairo": {
    "message": "Κάιρο"
  },
  "tz_Harare": {
    "message": "Χαράρε"
  },
  "tz_Kigali": {
    "message": "Κιγκάλι"
  },
  "tz_Bujumbura": {
    "message": "Μπουζουμπούρα"
  },
  "tz_Lusaka": {
    "message": "Λουσάκα"
  },
  "tz_Johannesburg": {
    "message": "Γιοχάνεσμπουργκ"
  },
  "tz_Maseru": {
    "message": "Maseru"
  },
  "tz_Lubumbashi": {
    "message": "Λουμπουμπάσι"
  },
  "tz_Gaborone": {
    "message": "Γκαμπορόνε"
  },
  "tz_Bangui": {
    "message": "Μπανγκούι"
  },
  "tz_Windhoek": {
    "message": "Βίντχουκ"
  },
  "tz_Kinshasa": {
    "message": "Κινσάσα"
  },
  "tz_Brazzaville": {
    "message": "Μπραζαβίλ"
  },
  "tz_Ndjamena": {
    "message": "Ντζαμένα"
  },
  "tz_Luanda": {
    "message": "Λουάντα"
  },
  "tz_Tripoli": {
    "message": "Τρίπολη"
  },
  "tz_Tunis": {
    "message": "Τύνιδα"
  },
  "tz_Douala": {
    "message": "Douala"
  },
  "tz_Libreville": {
    "message": "Λιμπρεβίλ"
  },
  "tz_Malabo": {
    "message": "Μαλάμπο"
  },
  "tz_Sao_Tome": {
    "message": "Sao Tome"
  },
  "tz_Lagos": {
    "message": "Lagos"
  },
  "tz_Algiers": {
    "message": "Αλγέρι"
  },
  "tz_Porto__Novo": {
    "message": "Πόρτο Νόβο"
  },
  "tz_Niamey": {
    "message": "Νιαμέι"
  },
  "tz_Accra": {
    "message": "Άκρα"
  },
  "tz_Lome": {
    "message": "Λομέ"
  },
  "tz_Ouagadougou": {
    "message": "Ουαγκαντούγκου"
  },
  "tz_Abidjan": {
    "message": "Αμπιτζάν"
  },
  "tz_Ceuta": {
    "message": "Θέουτα"
  },
  "tz_Casablanca": {
    "message": "Casablanca"
  },
  "tz_Bamako": {
    "message": "Μπαμάκο"
  },
  "tz_Monrovia": {
    "message": "Μονρόβια"
  },
  "tz_El_Aaiun": {
    "message": "Ελ Αγιούν"
  },
  "tz_Freetown": {
    "message": "Freetown"
  },
  "tz_Conakry": {
    "message": "Κόνακρι"
  },
  "tz_Bissau": {
    "message": "Μπισάου"
  },
  "tz_Nouakchott": {
    "message": "Nouakchott"
  },
  "tz_Banjul": {
    "message": "Μπανζούλ"
  },
  "tz_Dakar": {
    "message": "Dakar"
  },
  "tz_Africa": {
    "message": "Αφρική"
  },
  "tz_Local_Time": {
    "message": "Τοπική ώρα"
  },
  "ui_addTimezone": {
    "message": "Προσθήκη"
  },
  "ui_extraTimezones": {
    "message": "Extra ζώνες ώρας"
  },
  "ui_autoHide": {
    "message": "Απόκρυψη αυτόματα"
  },
  "ui_alwaysOnTop": {
    "message": "Πάντα στην κορυφή"
  },
  "manifest_description": {
    "message": "Μια βολική ημερολόγιο και ρολόι widget."
  },
  "manifest_name": {
    "message": "Ημερολόγιο Ρολόι"
  },
  "ui_weekStartSunday": {
    "message": "Εβδομάδα ξεκινάει την Κυριακή"
  },
  "ui_hour24": {
    "message": "24-ωρο"
  }
}